product_id,product_description,product_hierarchy_1_description,product_hierarchy_2_description,product_hierarchy_3_description,product_hierarchy_4_description,product_hierarchy_5_description,product_speed_cluster,size,color,family_is_main,new_product
462701,Sports Shirt - White05 - Small,Apparel,Outdoor/Seasonal Apparel,Mens Outdoor Tops,Mens Sports Tops,SS Tops,slow,SMALL,WHITE05,1,0
462899,Sports Shirt - White05 - Medium,Apparel,Outdoor/Seasonal Apparel,Mens Outdoor Tops,Mens Sports Tops,SS Tops,mid,MEDIUM,WHITE05,1,0
464016,Sports Shirt - White05 - Large,Apparel,Outdoor/Seasonal Apparel,Mens Outdoor Tops,Mens Sports Tops,SS Tops,mid,LARGE,WHITE05,1,0
464837,Sports Shirt - White05 - Xlarge,Apparel,Outdoor/Seasonal Apparel,Mens Outdoor Tops,Mens Sports Tops,SS Tops,mid,XLARGE,WHITE05,1,0
464838,Sports Shirt - White05 - Xxlarge,Apparel,Outdoor/Seasonal Apparel,Mens Outdoor Tops,Mens Sports Tops,SS Tops,slow,XXLARGE,WHITE05,1,0
874975,Training Shoes - White03 - Fw9,Footwear,Athletic/Team Sports FW,Ath FW,Mens FW,Training FW,slow,FW9,WHITE03,1,0
875028,Training Shoes - White03 - Fw8,Footwear,Athletic/Team Sports FW,Ath FW,Mens FW,Training FW,slow,FW8,WHITE03,1,0
875029,Training Shoes - White03 - Fw8.5,Footwear,Athletic/Team Sports FW,Ath FW,Mens FW,Training FW,slow,FW8.5,WHITE03,1,0
875030,Training Shoes - White03 - Fw9.5,Footwear,Athletic/Team Sports FW,Ath FW,Mens FW,Training FW,slow,FW9.5,WHITE03,1,0
875031,Training Shoes - White03 - Fw10.5,Footwear,Athletic/Team Sports FW,Ath FW,Mens FW,Training FW,mid,FW10.5,WHITE03,1,0
875127,Training Shoes - White03 - Fw11.5,Footwear,Athletic/Team Sports FW,Ath FW,Mens FW,Training FW,slow,FW11.5,WHITE03,1,0
875128,Training Shoes - White03 - Fw12,Footwear,Athletic/Team Sports FW,Ath FW,Mens FW,Training FW,slow,FW12,WHITE03,1,0
875129,Training Shoes - White03 - Fw13,Footwear,Athletic/Team Sports FW,Ath FW,Mens FW,Training FW,slow,FW13,WHITE03,1,0
875358,Training Shoes - White03 - Fw8,Footwear,Athletic/Team Sports FW,Ath FW,Mens FW,Training FW,slow,FW8,WHITE03,1,0
875359,Training Shoes - White03 - Fw8.5,Footwear,Athletic/Team Sports FW,Ath FW,Mens FW,Training FW,slow,FW8.5,WHITE03,1,0
875360,Training Shoes - White03 - Fw9,Footwear,Athletic/Team Sports FW,Ath FW,Mens FW,Training FW,slow,FW9,WHITE03,1,0
875361,Training Shoes - White03 - Fw13,Footwear,Athletic/Team Sports FW,Ath FW,Mens FW,Training FW,slow,FW13,WHITE03,1,0
875672,Training Shoes - White03 - Fw10,Footwear,Athletic/Team Sports FW,Ath FW,Mens FW,Training FW,slow,FW10,WHITE03,1,0
875673,Training Shoes - White03 - Fw12,Footwear,Athletic/Team Sports FW,Ath FW,Mens FW,Training FW,slow,FW12,WHITE03,1,0
875675,Training Shoes - White03 - Fw14,Footwear,Athletic/Team Sports FW,Ath FW,Mens FW,Training FW,slow,FW14,WHITE03,1,0
876187,Training Shoes - White03 - Fw9.5,Footwear,Athletic/Team Sports FW,Ath FW,Mens FW,Training FW,slow,FW9.5,WHITE03,1,0
876188,Training Shoes - White03 - Fw10,Footwear,Athletic/Team Sports FW,Ath FW,Mens FW,Training FW,mid,FW10,WHITE03,1,0
876743,Training Shoes - White03 - Fw10.5,Footwear,Athletic/Team Sports FW,Ath FW,Mens FW,Training FW,slow,FW10.5,WHITE03,1,0
876744,Training Shoes - White03 - Fw11,Footwear,Athletic/Team Sports FW,Ath FW,Mens FW,Training FW,slow,FW11,WHITE03,1,0
876745,Training Shoes - White03 - Fw11,Footwear,Athletic/Team Sports FW,Ath FW,Mens FW,Training FW,slow,FW11,WHITE03,1,0
876746,Training Shoes - White03 - Fw11.5,Footwear,Athletic/Team Sports FW,Ath FW,Mens FW,Training FW,slow,FW11.5,WHITE03,1,0
941497,Sports Shirt - Brtblue05 - Small,Apparel,Outdoor/Seasonal Apparel,Mens Outdoor Tops,Mens Sports Tops,SS Tops,slow,SMALL,BRTBLUE05,1,0
941498,Sports Shirt - Brtblue05 - Xxlarge,Apparel,Outdoor/Seasonal Apparel,Mens Outdoor Tops,Mens Sports Tops,SS Tops,slow,XXLARGE,BRTBLUE05,1,0
941898,Sports Shirt - Brtblue05 - Medium,Apparel,Outdoor/Seasonal Apparel,Mens Outdoor Tops,Mens Sports Tops,SS Tops,slow,MEDIUM,BRTBLUE05,1,0
942697,Sports Shirt - Brtblue05 - Large,Apparel,Outdoor/Seasonal Apparel,Mens Outdoor Tops,Mens Sports Tops,SS Tops,slow,LARGE,BRTBLUE05,1,0
942698,Sports Shirt - Brtblue05 - Xlarge,Apparel,Outdoor/Seasonal Apparel,Mens Outdoor Tops,Mens Sports Tops,SS Tops,slow,XLARGE,BRTBLUE05,1,0
942699,Sports Shirt - Darkblue03 - Small,Apparel,Outdoor/Seasonal Apparel,Mens Outdoor Tops,Mens Sports Tops,SS Tops,slow,SMALL,DARKBLUE03,1,0
942700,Sports Shirt - Darkblue03 - Medium,Apparel,Outdoor/Seasonal Apparel,Mens Outdoor Tops,Mens Sports Tops,SS Tops,slow,MEDIUM,DARKBLUE03,1,0
942701,Sports Shirt - Darkblue03 - Large,Apparel,Outdoor/Seasonal Apparel,Mens Outdoor Tops,Mens Sports Tops,SS Tops,slow,LARGE,DARKBLUE03,1,0
942702,Sports Shirt - Darkblue03 - Xlarge,Apparel,Outdoor/Seasonal Apparel,Mens Outdoor Tops,Mens Sports Tops,SS Tops,slow,XLARGE,DARKBLUE03,1,0
942703,Sports Shirt - Darkblue03 - Xxlarge,Apparel,Outdoor/Seasonal Apparel,Mens Outdoor Tops,Mens Sports Tops,SS Tops,slow,XXLARGE,DARKBLUE03,1,0
1017606,Sports Shirt - Black04 - Large,Apparel,Outdoor/Seasonal Apparel,Mens Outdoor Tops,Mens Sports Tops,SS Tops,mid,LARGE,BLACK04,1,0
1017889,Sports Shirt - Black04 - Small,Apparel,Outdoor/Seasonal Apparel,Mens Outdoor Tops,Mens Sports Tops,SS Tops,slow,SMALL,BLACK04,1,0
1017890,Sports Shirt - Black04 - Medium,Apparel,Outdoor/Seasonal Apparel,Mens Outdoor Tops,Mens Sports Tops,SS Tops,mid,MEDIUM,BLACK04,1,0
1017891,Sports Shirt - Black04 - Xlarge,Apparel,Outdoor/Seasonal Apparel,Mens Outdoor Tops,Mens Sports Tops,SS Tops,mid,XLARGE,BLACK04,1,0
1018030,Sports Shirt - Black04 - Xxlarge,Apparel,Outdoor/Seasonal Apparel,Mens Outdoor Tops,Mens Sports Tops,SS Tops,mid,XXLARGE,BLACK04,1,0
1666849,Causal Shoes - Brown - Fw8.5,Footwear,Work/Casual/Hosiery/Youth FW - Day,Causal FW,Mens Casual FW,Active FW,slow,FW8.5,BROWN,1,0
1666850,Causal Shoes - Brown - Fw9,Footwear,Work/Casual/Hosiery/Youth FW - Day,Causal FW,Mens Casual FW,Active FW,slow,FW9,BROWN,1,0
1666851,Causal Shoes - Brown - Fw9.5,Footwear,Work/Casual/Hosiery/Youth FW - Day,Causal FW,Mens Casual FW,Active FW,slow,FW9.5,BROWN,1,0
1666852,Causal Shoes - Brown - Fw10,Footwear,Work/Casual/Hosiery/Youth FW - Day,Causal FW,Mens Casual FW,Active FW,slow,FW10,BROWN,1,0
1666854,Causal Shoes - Brown - Fw11,Footwear,Work/Casual/Hosiery/Youth FW - Day,Causal FW,Mens Casual FW,Active FW,mid,FW11,BROWN,1,0
1667963,Causal Shoes - Brown - Fw12,Footwear,Work/Casual/Hosiery/Youth FW - Day,Causal FW,Mens Casual FW,Active FW,slow,FW12,BROWN,1,0
1667967,Causal Shoes - Brown - Fw12,Footwear,Work/Casual/Hosiery/Youth FW - Day,Causal FW,Mens Casual FW,Active FW,slow,FW12,BROWN,1,0
1668104,Causal Shoes - Brown - Fw8,Footwear,Work/Casual FW,Causal FW,Mens Casual FW,Active FW,slow,FW8,BROWN,1,0
1668105,Causal Shoes - Brown - Fw11,Footwear,Work/Casual/Hosiery/Youth FW - Day,Causal FW,Mens Casual FW,Active FW,slow,FW11,BROWN,1,0
1668106,Causal Shoes - Brown - Fw9,Footwear,Work/Casual/Hosiery/Youth FW - Day,Causal FW,Mens Casual FW,Active FW,slow,FW9,BROWN,1,0
1668107,Causal Shoes - Brown - Fw9.5,Footwear,Work/Casual/Hosiery/Youth FW - Day,Causal FW,Mens Casual FW,Active FW,slow,FW9.5,BROWN,1,0
1668108,Causal Shoes - Brown - Fw10,Footwear,Work/Casual/Hosiery/Youth FW - Day,Causal FW,Mens Casual FW,Active FW,slow,FW10,BROWN,1,0
1668760,Causal Shoes - Brown - Fw10.5,Footwear,Work/Casual/Hosiery/Youth FW - Day,Causal FW,Mens Casual FW,Active FW,slow,FW10.5,BROWN,1,0
1668761,Causal Shoes - Brown - Fw11.5,Footwear,Work/Casual/Hosiery/Youth FW - Day,Causal FW,Mens Casual FW,Active FW,slow,FW11.5,BROWN,1,0
1668762,Causal Shoes - Brown - Fw13,Footwear,Work/Casual/Hosiery/Youth FW - Day,Causal FW,Mens Casual FW,Active FW,slow,FW13,BROWN,1,0
1668764,Causal Shoes - Brown - Fw10.5,Footwear,Work/Casual/Hosiery/Youth FW - Day,Causal FW,Mens Casual FW,Active FW,mid,FW10.5,BROWN,1,0
2155972,Training Shoes - White 03 - 15 Footwear,Footwear,Athletic/Team Sports FW,Ath FW,Mens FW,Training FW,slow,15 Footwear,White 03,1,0
2167367,Poplin Short - Beige Dark 01 - 30 Waist Men'S,Apparel,Outdoor/Seasonal/Licensed Apparel - Batten,Mens Outdoor Bottoms,Mens Outdoor Shorts,Shorts,mid,30 Waist Men's,Beige Dark 01,1,0
2167369,Poplin Short - Beige Dark 01 - 33 Waist Men'S,Apparel,Outdoor/Seasonal/Licensed Apparel - Batten,Mens Outdoor Bottoms,Mens Outdoor Shorts,Shorts,mid,33 Waist Men's,Beige Dark 01,1,0
2167370,Poplin Short - Beige Dark 01 - 34 Waist Men'S,Apparel,Outdoor/Seasonal/Licensed Apparel - Batten,Mens Outdoor Bottoms,Mens Outdoor Shorts,Shorts,mid,34 Waist Men's,Beige Dark 01,1,0
2167379,Poplin Short - Brown Light 04 - 30 Waist Men'S,Apparel,Outdoor/Seasonal/Licensed Apparel - Batten,Mens Outdoor Bottoms,Mens Outdoor Shorts,Shorts,mid,30 Waist Men's,Brown Light 04,1,0
2167380,Poplin Short - Brown Light 04 - 33 Waist Men'S,Apparel,Outdoor/Seasonal/Licensed Apparel - Batten,Mens Outdoor Bottoms,Mens Outdoor Shorts,Shorts,mid,33 Waist Men's,Brown Light 04,1,0
2167381,Poplin Short - Brown Light 04 - 36 Waist Men'S,Apparel,Outdoor/Seasonal/Licensed Apparel - Batten,Mens Outdoor Bottoms,Mens Outdoor Shorts,Shorts,mid,36 Waist Men's,Brown Light 04,1,0
2167382,Poplin Short - Beige Dark 01 - 44 Waist Men'S,Apparel,Outdoor/Seasonal/Licensed Apparel - Batten,Mens Outdoor Bottoms,Mens Outdoor Shorts,Shorts,slow,44 Waist Men's,Beige Dark 01,1,0
2168081,Poplin Short - Beige Dark 01 - 32 Waist Men'S,Apparel,Outdoor/Seasonal/Licensed Apparel - Batten,Mens Outdoor Bottoms,Mens Outdoor Shorts,Shorts,mid,32 Waist Men's,Beige Dark 01,1,0
2168500,Poplin Short - Brown Light 04 - 32 Waist Men'S,Apparel,Outdoor/Seasonal/Licensed Apparel - Batten,Mens Outdoor Bottoms,Mens Outdoor Shorts,Shorts,mid,32 Waist Men's,Brown Light 04,1,0
2168501,Poplin Short - Brown Light 04 - 34 Waist Men'S,Apparel,Outdoor/Seasonal/Licensed Apparel - Batten,Mens Outdoor Bottoms,Mens Outdoor Shorts,Shorts,mid,34 Waist Men's,Brown Light 04,1,0
2168502,Poplin Short - Brown Light 04 - 35 Waist Men'S,Apparel,Outdoor/Seasonal/Licensed Apparel - Batten,Mens Outdoor Bottoms,Mens Outdoor Shorts,Shorts,mid,35 Waist Men's,Brown Light 04,1,0
2168515,Poplin Short - Brown Light 04 - 44 Waist Men'S,Apparel,Outdoor/Seasonal/Licensed Apparel - Batten,Mens Outdoor Bottoms,Mens Outdoor Shorts,Shorts,slow,44 Waist Men's,Brown Light 04,1,0
2168516,Poplin Short - Beige Dark 01 - 35 Waist Men'S,Apparel,Outdoor/Seasonal/Licensed Apparel - Batten,Mens Outdoor Bottoms,Mens Outdoor Shorts,Shorts,mid,35 Waist Men's,Beige Dark 01,1,0
2168517,Poplin Short - Beige Dark 01 - 36 Waist Men'S,Apparel,Outdoor/Seasonal/Licensed Apparel - Batten,Mens Outdoor Bottoms,Mens Outdoor Shorts,Shorts,mid,36 Waist Men's,Beige Dark 01,1,0
2168518,Poplin Short - Beige Dark 01 - 38 Waist Men'S,Apparel,Outdoor/Seasonal/Licensed Apparel - Batten,Mens Outdoor Bottoms,Mens Outdoor Shorts,Shorts,mid,38 Waist Men's,Beige Dark 01,1,0
2168519,Poplin Short - Beige Dark 01 - 40 Waist Men'S,Apparel,Outdoor/Seasonal/Licensed Apparel - Batten,Mens Outdoor Bottoms,Mens Outdoor Shorts,Shorts,mid,40 Waist Men's,Beige Dark 01,1,0
2168520,Poplin Short - Beige Dark 01 - 42 Waist Men'S,Apparel,Outdoor/Seasonal/Licensed Apparel - Batten,Mens Outdoor Bottoms,Mens Outdoor Shorts,Shorts,mid,42 Waist Men's,Beige Dark 01,1,0
2169557,Poplin Short - Brown Light 04 - 38 Waist Men'S,Apparel,Outdoor/Seasonal/Licensed Apparel - Batten,Mens Outdoor Bottoms,Mens Outdoor Shorts,Shorts,mid,38 Waist Men's,Brown Light 04,1,0
2169558,Poplin Short - Brown Light 04 - 40 Waist Men'S,Apparel,Outdoor/Seasonal/Licensed Apparel - Batten,Mens Outdoor Bottoms,Mens Outdoor Shorts,Shorts,mid,40 Waist Men's,Brown Light 04,1,0
2169559,Poplin Short - Brown Light 04 - 42 Waist Men'S,Apparel,Outdoor/Seasonal/Licensed Apparel - Batten,Mens Outdoor Bottoms,Mens Outdoor Shorts,Shorts,mid,42 Waist Men's,Brown Light 04,1,0
2180968,Short Sleeve Shirt - Navy - Xx Large Tall,Apparel,Outdoor/Seasonal Apparel,Mens Outdoor Tops,Mens Sports Tops,SS Tops,slow,XX Large Tall,Navy,1,0
2181481,Short Sleeve Shirt - Red Dark 02 - Xx Large Tall,Apparel,Outdoor/Seasonal Apparel,Mens Outdoor Tops,Mens Sports Tops,SS Tops,slow,XX Large Tall,Red Dark 02,1,0
2181963,Short Sleeve Shirt - Red Dark 02 - X Large Tall,Apparel,Outdoor/Seasonal Apparel,Mens Outdoor Tops,Mens Sports Tops,SS Tops,slow,X Large Tall,Red Dark 02,1,0
2182186,Short Sleeve Shirt - Navy - X Large Tall,Apparel,Outdoor/Seasonal Apparel,Mens Outdoor Tops,Mens Sports Tops,SS Tops,slow,X Large Tall,Navy,1,0
2245753,Short Sleeve Shirt - Red Dark 02 - Xxxx Large,Apparel,Outdoor/Seasonal Apparel,Mens Outdoor Tops,Mens Sports Tops,SS Tops,mid,XXXX Large,Red Dark 02,1,0
2245764,Short Sleeve Shirt - Navy - Small,Apparel,Outdoor/Seasonal Apparel,Mens Outdoor Tops,Mens Sports Tops,SS Tops,mid,Small,Navy,1,0
2245765,Short Sleeve Shirt - Navy - X Large,Apparel,Outdoor/Seasonal Apparel,Mens Outdoor Tops,Mens Sports Tops,SS Tops,fast,X Large,Navy,1,0
2245766,Short Sleeve Shirt - Navy - Xx Large,Apparel,Outdoor/Seasonal Apparel,Mens Outdoor Tops,Mens Sports Tops,SS Tops,fast,XX Large,Navy,1,0
2245767,Short Sleeve Shirt - Navy - Xxxx Large,Apparel,Outdoor/Seasonal Apparel,Mens Outdoor Tops,Mens Sports Tops,SS Tops,mid,XXXX Large,Navy,1,0
2245908,Short Sleeve Shirt - Red Dark 02 - Small,Apparel,Outdoor/Seasonal Apparel,Mens Outdoor Tops,Mens Sports Tops,SS Tops,mid,Small,Red Dark 02,1,0
2245909,Short Sleeve Shirt - Red Dark 02 - Large,Apparel,Outdoor/Seasonal Apparel,Mens Outdoor Tops,Mens Sports Tops,SS Tops,fast,Large,Red Dark 02,1,0
2246098,Short Sleeve Shirt - Red Dark 02 - Medium Or Regular,Apparel,Outdoor/Seasonal Apparel,Mens Outdoor Tops,Mens Sports Tops,SS Tops,mid,Medium Or Regular,Red Dark 02,1,0
2246103,Short Sleeve Shirt - Navy - Medium Or Regular,Apparel,Outdoor/Seasonal Apparel,Mens Outdoor Tops,Mens Sports Tops,SS Tops,fast,Medium Or Regular,Navy,1,0
2246104,Short Sleeve Shirt - Navy - Large,Apparel,Outdoor/Seasonal Apparel,Mens Outdoor Tops,Mens Sports Tops,SS Tops,fast,Large,Navy,1,0
2246105,Short Sleeve Shirt - Navy - Xxx Large,Apparel,Outdoor/Seasonal Apparel,Mens Outdoor Tops,Mens Sports Tops,SS Tops,mid,XXX Large,Navy,1,0
2247438,Short Sleeve Shirt - Red Dark 02 - X Large,Apparel,Outdoor/Seasonal Apparel,Mens Outdoor Tops,Mens Sports Tops,SS Tops,mid,X Large,Red Dark 02,1,0
2247439,Short Sleeve Shirt - Red Dark 02 - Xx Large,Apparel,Outdoor/Seasonal Apparel,Mens Outdoor Tops,Mens Sports Tops,SS Tops,mid,XX Large,Red Dark 02,1,0
2247440,Short Sleeve Shirt - Red Dark 02 - Xxx Large,Apparel,Outdoor/Seasonal Apparel,Mens Outdoor Tops,Mens Sports Tops,SS Tops,mid,XXX Large,Red Dark 02,1,0
2343096,Short Sleeve Shirt - Green Dark 04 - Large,Apparel,Outdoor/Seasonal Apparel,Mens Outdoor Tops,Mens Sports Tops,SS Tops,fast,Large,Green Dark 04,1,0
2343098,Short Sleeve Shirt - Red Medium 10 - Large,Apparel,Outdoor/Seasonal Apparel,Mens Outdoor Tops,Mens Sports Tops,SS Tops,fast,Large,Red Medium 10,1,0
2343099,Short Sleeve Shirt - Red Medium 10 - Xxx Large,Apparel,Outdoor/Seasonal Apparel,Mens Outdoor Tops,Mens Sports Tops,SS Tops,mid,XXX Large,Red Medium 10,1,0
2343133,Short Sleeve Shirt - Red Medium 10 - X Large,Apparel,Outdoor/Seasonal Apparel,Mens Outdoor Tops,Mens Sports Tops,SS Tops,fast,X Large,Red Medium 10,1,0
2343134,Short Sleeve Shirt - Red Medium 10 - Xx Large,Apparel,Outdoor/Seasonal Apparel,Mens Outdoor Tops,Mens Sports Tops,SS Tops,mid,XX Large,Red Medium 10,1,0
2343135,Short Sleeve Shirt - Red Medium 10 - Xxxx Large,Apparel,Outdoor/Seasonal Apparel,Mens Outdoor Tops,Mens Sports Tops,SS Tops,slow,XXXX Large,Red Medium 10,1,0
2343197,Short Sleeve Shirt - Green Dark 04 - Small,Apparel,Outdoor/Seasonal Apparel,Mens Outdoor Tops,Mens Sports Tops,SS Tops,mid,Small,Green Dark 04,1,0
2343201,Short Sleeve Shirt - Red Medium 10 - Small,Apparel,Outdoor/Seasonal Apparel,Mens Outdoor Tops,Mens Sports Tops,SS Tops,mid,Small,Red Medium 10,1,0
2343202,Short Sleeve Shirt - Red Medium 10 - Medium Or Regular,Apparel,Outdoor/Seasonal Apparel,Mens Outdoor Tops,Mens Sports Tops,SS Tops,mid,Medium Or Regular,Red Medium 10,1,0
2458160,Poplin Short - Grey Medium 01 - 33 Waist Men'S,Apparel,Outdoor/Seasonal/Licensed Apparel - Batten,Mens Outdoor Bottoms,Mens Outdoor Shorts,Shorts,mid,33 Waist Men's,Grey Medium 01,1,0
2458161,Poplin Short - Grey Medium 01 - 35 Waist Men'S,Apparel,Outdoor/Seasonal/Licensed Apparel - Batten,Mens Outdoor Bottoms,Mens Outdoor Shorts,Shorts,slow,35 Waist Men's,Grey Medium 01,1,0
2458162,Poplin Short - Grey Medium 01 - 42 Waist Men'S,Apparel,Outdoor/Seasonal/Licensed Apparel - Batten,Mens Outdoor Bottoms,Mens Outdoor Shorts,Shorts,slow,42 Waist Men's,Grey Medium 01,1,0
2459177,Poplin Short - Grey Medium 01 - 30 Waist Men'S,Apparel,Outdoor/Seasonal/Licensed Apparel - Batten,Mens Outdoor Bottoms,Mens Outdoor Shorts,Shorts,slow,30 Waist Men's,Grey Medium 01,1,0
2459178,Poplin Short - Grey Medium 01 - 34 Waist Men'S,Apparel,Outdoor/Seasonal/Licensed Apparel - Batten,Mens Outdoor Bottoms,Mens Outdoor Shorts,Shorts,mid,34 Waist Men's,Grey Medium 01,1,0
2459247,Poplin Short - Grey Medium 01 - 32 Waist Men'S,Apparel,Outdoor/Seasonal/Licensed Apparel - Batten,Mens Outdoor Bottoms,Mens Outdoor Shorts,Shorts,mid,32 Waist Men's,Grey Medium 01,1,0
2459248,Poplin Short - Grey Medium 01 - 38 Waist Men'S,Apparel,Outdoor/Seasonal/Licensed Apparel - Batten,Mens Outdoor Bottoms,Mens Outdoor Shorts,Shorts,mid,38 Waist Men's,Grey Medium 01,1,0
2459265,Poplin Short - Grey Medium 01 - 36 Waist Men'S,Apparel,Outdoor/Seasonal/Licensed Apparel - Batten,Mens Outdoor Bottoms,Mens Outdoor Shorts,Shorts,mid,36 Waist Men's,Grey Medium 01,1,0
2459266,Poplin Short - Grey Medium 01 - 40 Waist Men'S,Apparel,Outdoor/Seasonal/Licensed Apparel - Batten,Mens Outdoor Bottoms,Mens Outdoor Shorts,Shorts,mid,40 Waist Men's,Grey Medium 01,1,0
2459267,Poplin Short - Grey Medium 01 - 44 Waist Men'S,Apparel,Outdoor/Seasonal/Licensed Apparel - Batten,Mens Outdoor Bottoms,Mens Outdoor Shorts,Shorts,slow,44 Waist Men's,Grey Medium 01,1,0
2525187,Sports Shirt - Grey Light 01 - Large,Apparel,Outdoor/Seasonal Apparel,Mens Outdoor Tops,Mens Sports Tops,SS Tops,slow,Large,Grey Light 01,1,0
2525188,Sports Shirt - Grey Light 01 - X Large,Apparel,Outdoor/Seasonal Apparel,Mens Outdoor Tops,Mens Sports Tops,SS Tops,slow,X Large,Grey Light 01,1,0
2525189,Sports Shirt - Grey Light 01 - Xx Large,Apparel,Outdoor/Seasonal Apparel,Mens Outdoor Tops,Mens Sports Tops,SS Tops,slow,XX Large,Grey Light 01,1,0
2525801,Sports Shirt - Grey Light 01 - Small,Apparel,Outdoor/Seasonal Apparel,Mens Outdoor Tops,Mens Sports Tops,SS Tops,slow,Small,Grey Light 01,1,0
2527040,Sports Shirt - Grey Light 01 - Medium Or Regular,Apparel,Outdoor/Seasonal Apparel,Mens Outdoor Tops,Mens Sports Tops,SS Tops,slow,Medium Or Regular,Grey Light 01,1,0
2633823,Short Sleeve Shirt - Brown Light 04 - X Large,Apparel,Outdoor/Seasonal Apparel,Mens Outdoor Tops,Mens Sports Tops,SS Tops,fast,X Large,Brown Light 04,1,0
2633825,Short Sleeve Shirt - Green Dark 04 - Xx Large,Apparel,Outdoor/Seasonal Apparel,Mens Outdoor Tops,Mens Sports Tops,SS Tops,mid,XX Large,Green Dark 04,1,0
2633826,Short Sleeve Shirt - Green Dark 04 - Xxx Large,Apparel,Outdoor/Seasonal Apparel,Mens Outdoor Tops,Mens Sports Tops,SS Tops,mid,XXX Large,Green Dark 04,1,0
2633827,Short Sleeve Shirt - Green Dark 04 - Xxxx Large,Apparel,Outdoor/Seasonal Apparel,Mens Outdoor Tops,Mens Sports Tops,SS Tops,mid,XXXX Large,Green Dark 04,1,0
2633829,Short Sleeve Shirt - Black - Small,Apparel,Outdoor/Seasonal Apparel,Mens Outdoor Tops,Mens Sports Tops,SS Tops,fast,Small,Black,1,0
2633830,Short Sleeve Shirt - Black - X Large,Apparel,Outdoor/Seasonal Apparel,Mens Outdoor Tops,Mens Sports Tops,SS Tops,fast,X Large,Black,1,0
2633831,Short Sleeve Shirt - Black - Xxxx Large,Apparel,Outdoor/Seasonal Apparel,Mens Outdoor Tops,Mens Sports Tops,SS Tops,mid,XXXX Large,Black,1,0
2633833,Short Sleeve Shirt - Blue Medium 04 - X Large,Apparel,Outdoor/Seasonal Apparel,Mens Outdoor Tops,Mens Sports Tops,SS Tops,mid,X Large,Blue Medium 04,1,0
2633834,Short Sleeve Shirt - Blue Medium 04 - Xxx Large,Apparel,Outdoor/Seasonal Apparel,Mens Outdoor Tops,Mens Sports Tops,SS Tops,mid,XXX Large,Blue Medium 04,1,0
2633835,Short Sleeve Shirt - Blue Medium 04 - Xx Large Tall,Apparel,Outdoor/Seasonal Apparel,Mens Outdoor Tops,Mens Sports Tops,SS Tops,slow,XX Large Tall,Blue Medium 04,1,0
2633836,Short Sleeve Shirt - Blue Medium 04 - X Large Tall,Apparel,Outdoor/Seasonal Apparel,Mens Outdoor Tops,Mens Sports Tops,SS Tops,slow,X Large Tall,Blue Medium 04,1,0
2633883,Short Sleeve Shirt - Brown Light 04 - Large,Apparel,Outdoor/Seasonal Apparel,Mens Outdoor Tops,Mens Sports Tops,SS Tops,fast,Large,Brown Light 04,1,0
2633884,Short Sleeve Shirt - Brown Light 04 - Xxx Large,Apparel,Outdoor/Seasonal Apparel,Mens Outdoor Tops,Mens Sports Tops,SS Tops,mid,XXX Large,Brown Light 04,1,0
2633885,Short Sleeve Shirt - Brown Light 04 - X Large Tall,Apparel,Outdoor/Seasonal Apparel,Mens Outdoor Tops,Mens Sports Tops,SS Tops,slow,X Large Tall,Brown Light 04,1,0
2633889,Short Sleeve Shirt - Green Dark 04 - Medium Or Regular,Apparel,Outdoor/Seasonal Apparel,Mens Outdoor Tops,Mens Sports Tops,SS Tops,fast,Medium Or Regular,Green Dark 04,1,0
2633891,Short Sleeve Shirt - Blue Medium 04 - Small,Apparel,Outdoor/Seasonal Apparel,Mens Outdoor Tops,Mens Sports Tops,SS Tops,mid,Small,Blue Medium 04,1,0
2633892,Short Sleeve Shirt - Blue Medium 04 - Medium Or Regular,Apparel,Outdoor/Seasonal Apparel,Mens Outdoor Tops,Mens Sports Tops,SS Tops,mid,Medium Or Regular,Blue Medium 04,1,0
2633893,Short Sleeve Shirt - Blue Medium 04 - Large,Apparel,Outdoor/Seasonal Apparel,Mens Outdoor Tops,Mens Sports Tops,SS Tops,mid,Large,Blue Medium 04,1,0
2633894,Short Sleeve Shirt - White - Xxx Large,Apparel,Outdoor/Seasonal Apparel,Mens Outdoor Tops,Mens Sports Tops,SS Tops,mid,XXX Large,White,1,0
2633895,Short Sleeve Shirt - White - Xx Large Tall,Apparel,Outdoor/Seasonal Apparel,Mens Outdoor Tops,Mens Sports Tops,SS Tops,slow,XX Large Tall,White,1,0
2634087,Short Sleeve Shirt - White - Small,Apparel,Outdoor/Seasonal Apparel,Mens Outdoor Tops,Mens Sports Tops,SS Tops,fast,Small,White,1,0
2634088,Short Sleeve Shirt - White - X Large,Apparel,Outdoor/Seasonal Apparel,Mens Outdoor Tops,Mens Sports Tops,SS Tops,fast,X Large,White,1,0
2634089,Short Sleeve Shirt - White - Xxxx Large,Apparel,Outdoor/Seasonal Apparel,Mens Outdoor Tops,Mens Sports Tops,SS Tops,mid,XXXX Large,White,1,0
2634317,Short Sleeve Shirt - Brown Light 04 - Xxxx Large,Apparel,Outdoor/Seasonal Apparel,Mens Outdoor Tops,Mens Sports Tops,SS Tops,mid,XXXX Large,Brown Light 04,1,0
2634323,Short Sleeve Shirt - Green Dark 04 - X Large Tall,Apparel,Outdoor/Seasonal Apparel,Mens Outdoor Tops,Mens Sports Tops,SS Tops,slow,X Large Tall,Green Dark 04,1,0
2634324,Short Sleeve Shirt - Black - Medium Or Regular,Apparel,Outdoor/Seasonal Apparel,Mens Outdoor Tops,Mens Sports Tops,SS Tops,fast,Medium Or Regular,Black,1,0
2634325,Short Sleeve Shirt - Black - Large,Apparel,Outdoor/Seasonal Apparel,Mens Outdoor Tops,Mens Sports Tops,SS Tops,fast,Large,Black,1,0
2634327,Short Sleeve Shirt - Black - X Large Tall,Apparel,Outdoor/Seasonal Apparel,Mens Outdoor Tops,Mens Sports Tops,SS Tops,slow,X Large Tall,Black,1,0
2634329,Short Sleeve Shirt - White - Large,Apparel,Outdoor/Seasonal Apparel,Mens Outdoor Tops,Mens Sports Tops,SS Tops,fast,Large,White,1,0
2634330,Short Sleeve Shirt - White - Xx Large,Apparel,Outdoor/Seasonal Apparel,Mens Outdoor Tops,Mens Sports Tops,SS Tops,mid,XX Large,White,1,0
2634688,Short Sleeve Shirt - Brown Light 04 - Small,Apparel,Outdoor/Seasonal Apparel,Mens Outdoor Tops,Mens Sports Tops,SS Tops,mid,Small,Brown Light 04,1,0
2634689,Short Sleeve Shirt - Brown Light 04 - Medium Or Regular,Apparel,Outdoor/Seasonal Apparel,Mens Outdoor Tops,Mens Sports Tops,SS Tops,fast,Medium Or Regular,Brown Light 04,1,0
2634690,Short Sleeve Shirt - Brown Light 04 - Xx Large,Apparel,Outdoor/Seasonal Apparel,Mens Outdoor Tops,Mens Sports Tops,SS Tops,mid,XX Large,Brown Light 04,1,0
2634691,Short Sleeve Shirt - Brown Light 04 - Xx Large Tall,Apparel,Outdoor/Seasonal Apparel,Mens Outdoor Tops,Mens Sports Tops,SS Tops,slow,XX Large Tall,Brown Light 04,1,0
2634693,Short Sleeve Shirt - Green Dark 04 - X Large,Apparel,Outdoor/Seasonal Apparel,Mens Outdoor Tops,Mens Sports Tops,SS Tops,fast,X Large,Green Dark 04,1,0
2634694,Short Sleeve Shirt - Green Dark 04 - Xx Large Tall,Apparel,Outdoor/Seasonal Apparel,Mens Outdoor Tops,Mens Sports Tops,SS Tops,slow,XX Large Tall,Green Dark 04,1,0
2634695,Short Sleeve Shirt - Black - Xx Large Tall,Apparel,Outdoor/Seasonal Apparel,Mens Outdoor Tops,Mens Sports Tops,SS Tops,slow,XX Large Tall,Black,1,0
2634696,Short Sleeve Shirt - Blue Medium 04 - Xx Large,Apparel,Outdoor/Seasonal Apparel,Mens Outdoor Tops,Mens Sports Tops,SS Tops,mid,XX Large,Blue Medium 04,1,0
2634698,Short Sleeve Shirt - White - Medium Or Regular,Apparel,Outdoor/Seasonal Apparel,Mens Outdoor Tops,Mens Sports Tops,SS Tops,fast,Medium Or Regular,White,1,0
2634699,Short Sleeve Shirt - White - X Large Tall,Apparel,Outdoor/Seasonal Apparel,Mens Outdoor Tops,Mens Sports Tops,SS Tops,slow,X Large Tall,White,1,0
3626070,Casual Shirt - Blue Bright 04 - 3X Women'S,Apparel,Outdoor/Seasonal/Licensed Apparel - Batten,Womens Outdoor Tops,Womens Outdoor Plus Size Tops,SS Tops,slow,3X Women's,Blue Bright 04,1,1
3626080,Casual Shirt - Pink Light 03 - 1X Women'S,Apparel,Outdoor/Seasonal/Licensed Apparel - Batten,Womens Outdoor Tops,Womens Outdoor Plus Size Tops,SS Tops,slow,1X Women's,Pink Light 03,1,1
3626083,Casual Shirt - Pink Light 03 - 2X Women'S,Apparel,Outdoor/Seasonal/Licensed Apparel - Batten,Womens Outdoor Tops,Womens Outdoor Plus Size Tops,SS Tops,slow,2X Women's,Pink Light 03,1,1
3626105,Casual Shirt - Blue Bright 04 - 2X Women'S,Apparel,Outdoor/Seasonal/Licensed Apparel - Batten,Womens Outdoor Tops,Womens Outdoor Plus Size Tops,SS Tops,slow,2X Women's,Blue Bright 04,1,1
3626186,Casual Shirt - Blue Bright 04 - 1X Women'S,Apparel,Outdoor/Seasonal/Licensed Apparel - Batten,Womens Outdoor Tops,Womens Outdoor Plus Size Tops,SS Tops,slow,1X Women's,Blue Bright 04,1,1
3626187,Casual Shirt - Pink Light 03 - 3X Women'S,Apparel,Outdoor/Seasonal/Licensed Apparel - Batten,Womens Outdoor Tops,Womens Outdoor Plus Size Tops,SS Tops,slow,3X Women's,Pink Light 03,1,1
3799890,Pants - Black - Large,Apparel,Outdoor/Seasonal/Licensed Apparel - Batten,Womens Outdoor Bottoms,Womens Outdoor Bottoms,Pants,mid,Large,Black,1,0
3799891,Pants - Grey Medium 02 - Xx Large,Apparel,Outdoor/Seasonal/Licensed Apparel - Batten,Womens Outdoor Bottoms,Womens Outdoor Bottoms,Pants,slow,XX Large,Grey Medium 02,1,0
3799892,Pants - Grey Medium 02 - Small,Apparel,Outdoor/Seasonal/Licensed Apparel - Batten,Womens Outdoor Bottoms,Womens Outdoor Bottoms,Pants,mid,Small,Grey Medium 02,1,0
3799895,Pants - Black - Xx Large,Apparel,Outdoor/Seasonal/Licensed Apparel - Batten,Womens Outdoor Bottoms,Womens Outdoor Bottoms,Pants,mid,XX Large,Black,1,0
3799896,Pants - Black - Small,Apparel,Outdoor/Seasonal/Licensed Apparel - Batten,Womens Outdoor Bottoms,Womens Outdoor Bottoms,Pants,mid,Small,Black,1,0
3799897,Pants - Grey Medium 02 - Large,Apparel,Outdoor/Seasonal/Licensed Apparel - Batten,Womens Outdoor Bottoms,Womens Outdoor Bottoms,Pants,mid,Large,Grey Medium 02,1,0
3799902,Pants - Black - Medium Or Regular,Apparel,Outdoor/Seasonal/Licensed Apparel - Batten,Womens Outdoor Bottoms,Womens Outdoor Bottoms,Pants,mid,Medium Or Regular,Black,1,0
3799903,Pants - Grey Medium 02 - X Large,Apparel,Outdoor/Seasonal/Licensed Apparel - Batten,Womens Outdoor Bottoms,Womens Outdoor Bottoms,Pants,mid,X Large,Grey Medium 02,1,0
3799904,Pants - Grey Medium 02 - X Small,Apparel,Outdoor/Seasonal/Licensed Apparel - Batten,Womens Outdoor Bottoms,Womens Outdoor Bottoms,Pants,slow,X Small,Grey Medium 02,1,0
3799910,Pants - Black - X Large,Apparel,Outdoor/Seasonal/Licensed Apparel - Batten,Womens Outdoor Bottoms,Womens Outdoor Bottoms,Pants,mid,X Large,Black,1,0
3799911,Pants - Black - X Small,Apparel,Outdoor/Seasonal/Licensed Apparel - Batten,Womens Outdoor Bottoms,Womens Outdoor Bottoms,Pants,slow,X Small,Black,1,0
3799912,Pants - Grey Medium 02 - Medium Or Regular,Apparel,Outdoor/Seasonal/Licensed Apparel - Batten,Womens Outdoor Bottoms,Womens Outdoor Bottoms,Pants,mid,Medium Or Regular,Grey Medium 02,1,0
4063385,Sports Bra - White - Small,Apparel,Athletic/Youth Apparel,Womens Ath,Womens Ath Bras/Underwear,Ath Bras - Low,mid,Small,White,1,0
4063386,Sports Bra - White - Medium Or Regular,Apparel,Athletic/Youth Apparel,Womens Ath,Womens Ath Bras/Underwear,Ath Bras - Low,fast,Medium Or Regular,White,1,0
4063387,Sports Bra - White - Large,Apparel,Athletic/Youth Apparel,Womens Ath,Womens Ath Bras/Underwear,Ath Bras - Low,fast,Large,White,1,0
4063388,Sports Bra - White - X Large,Apparel,Athletic/Youth Apparel,Womens Ath,Womens Ath Bras/Underwear,Ath Bras - Low,mid,X Large,White,1,0
4063389,Sports Bra - Black - Small,Apparel,Athletic/Youth Apparel,Womens Ath,Womens Ath Bras/Underwear,Ath Bras - Low,fast,Small,Black,1,0
4063390,Sports Bra - Black - Medium Or Regular,Apparel,Athletic/Youth Apparel,Womens Ath,Womens Ath Bras/Underwear,Ath Bras - Low,fast,Medium Or Regular,Black,1,0
4063391,Sports Bra - Black - Large,Apparel,Athletic/Youth Apparel,Womens Ath,Womens Ath Bras/Underwear,Ath Bras - Low,fast,Large,Black,1,0
4063392,Sports Bra - Black - X Large,Apparel,Athletic/Youth Apparel,Womens Ath,Womens Ath Bras/Underwear,Ath Bras - Low,fast,X Large,Black,1,0
4063393,Sports Bra - Charcoal 01 - Small,Apparel,Athletic/Youth Apparel,Womens Ath,Womens Ath Bras/Underwear,Ath Bras - Low,mid,Small,Charcoal 01,1,0
4063394,Sports Bra - Charcoal 01 - Medium Or Regular,Apparel,Athletic/Youth Apparel,Womens Ath,Womens Ath Bras/Underwear,Ath Bras - Low,mid,Medium Or Regular,Charcoal 01,1,0
4063395,Sports Bra - Charcoal 01 - Large,Apparel,Athletic/Youth Apparel,Womens Ath,Womens Ath Bras/Underwear,Ath Bras - Low,mid,Large,Charcoal 01,1,0
4063396,Sports Bra - Charcoal 01 - X Large,Apparel,Athletic/Youth Apparel,Womens Ath,Womens Ath Bras/Underwear,Ath Bras - Low,mid,X Large,Charcoal 01,1,0
4063397,Sports Bra - Navy - Small,Apparel,Athletic/Youth Apparel,Womens Ath,Womens Ath Bras/Underwear,Ath Bras - Low,slow,Small,Navy,1,0
4063398,Sports Bra - Navy - Medium Or Regular,Apparel,Athletic/Youth Apparel,Womens Ath,Womens Ath Bras/Underwear,Ath Bras - Low,mid,Medium Or Regular,Navy,1,0
4063399,Sports Bra - Navy - Large,Apparel,Athletic/Youth Apparel,Womens Ath,Womens Ath Bras/Underwear,Ath Bras - Low,mid,Large,Navy,1,0
4063400,Sports Bra - Navy - X Large,Apparel,Athletic/Youth Apparel,Womens Ath,Womens Ath Bras/Underwear,Ath Bras - Low,mid,X Large,Navy,1,0
4068257,Sports Bra - Red - Small,Apparel,Athletic/Youth Apparel,Womens Ath,Womens Ath Bras/Underwear,Ath Bras - Low,mid,Small,Red,1,0
4068258,Sports Bra - Red - Medium Or Regular,Apparel,Athletic/Youth Apparel,Womens Ath,Womens Ath Bras/Underwear,Ath Bras - Low,mid,Medium Or Regular,Red,1,0
4068259,Sports Bra - Red - Large,Apparel,Athletic/Youth Apparel,Womens Ath,Womens Ath Bras/Underwear,Ath Bras - Low,mid,Large,Red,1,0
4068260,Sports Bra - Red - X Large,Apparel,Athletic/Youth Apparel,Womens Ath,Womens Ath Bras/Underwear,Ath Bras - Low,mid,X Large,Red,1,0
4219255,Sports Bra - Pink Light 03 - Small,Apparel,Athletic/Youth Apparel,Womens Ath,Womens Ath Bras/Underwear,Ath Bras - Low,slow,Small,Pink Light 03,1,0
4219256,Sports Bra - Pink Light 03 - Medium Or Regular,Apparel,Athletic/Youth Apparel,Womens Ath,Womens Ath Bras/Underwear,Ath Bras - Low,mid,Medium Or Regular,Pink Light 03,1,0
4219257,Sports Bra - Pink Light 03 - Large,Apparel,Athletic/Youth Apparel,Womens Ath,Womens Ath Bras/Underwear,Ath Bras - Low,mid,Large,Pink Light 03,1,0
4219258,Sports Bra - Pink Light 03 - X Large,Apparel,Athletic/Youth Apparel,Womens Ath,Womens Ath Bras/Underwear,Ath Bras - Low,mid,X Large,Pink Light 03,1,0
4272066,Short Sleeve Shirt - Grey Medium 01 - Small,Apparel,Outdoor/Seasonal Apparel,Mens Outdoor Tops,Mens Sports Tops,SS Tops,slow,Small,Grey Medium 01,1,0
4272067,Short Sleeve Shirt - Grey Medium 01 - Medium Or Regular,Apparel,Outdoor/Seasonal Apparel,Mens Outdoor Tops,Mens Sports Tops,SS Tops,slow,Medium Or Regular,Grey Medium 01,1,0
4272068,Short Sleeve Shirt - Grey Medium 01 - Large,Apparel,Outdoor/Seasonal Apparel,Mens Outdoor Tops,Mens Sports Tops,SS Tops,mid,Large,Grey Medium 01,1,0
4272069,Short Sleeve Shirt - Grey Medium 01 - X Large,Apparel,Outdoor/Seasonal Apparel,Mens Outdoor Tops,Mens Sports Tops,SS Tops,mid,X Large,Grey Medium 01,1,0
4272070,Short Sleeve Shirt - Grey Medium 01 - Xx Large,Apparel,Outdoor/Seasonal Apparel,Mens Outdoor Tops,Mens Sports Tops,SS Tops,slow,XX Large,Grey Medium 01,1,0
4272071,Short Sleeve Shirt - Grey Medium 01 - Xxx Large,Apparel,Outdoor/Seasonal Apparel,Mens Outdoor Tops,Mens Sports Tops,SS Tops,slow,XXX Large,Grey Medium 01,1,0
4272072,Short Sleeve Shirt - Grey Medium 01 - Xxxx Large,Apparel,Outdoor/Seasonal Apparel,Mens Outdoor Tops,Mens Sports Tops,SS Tops,slow,XXXX Large,Grey Medium 01,1,0
4373504,Sports Bra - White - X Small,Apparel,Athletic/Youth Apparel,Womens Ath,Womens Ath Bras/Underwear,Ath Bras - Low,mid,X Small,White,1,0
4373505,Sports Bra - Black - X Small,Apparel,Athletic/Youth Apparel,Womens Ath,Womens Ath Bras/Underwear,Ath Bras - Low,mid,X Small,Black,1,0
4373506,Sports Bra - Charcoal 01 - X Small,Apparel,Athletic/Youth Apparel,Womens Ath,Womens Ath Bras/Underwear,Ath Bras - Low,slow,X Small,Charcoal 01,1,0
4373507,Sports Bra - Navy - X Small,Apparel,Athletic/Youth Apparel,Womens Ath,Womens Ath Bras/Underwear,Ath Bras - Low,slow,X Small,Navy,1,0
4373509,Sports Bra - Pink Light 03 - X Small,Apparel,Athletic/Youth Apparel,Womens Ath,Womens Ath Bras/Underwear,Ath Bras - Low,slow,X Small,Pink Light 03,1,0
4373510,Sports Bra - Red - X Small,Apparel,Athletic/Youth Apparel,Womens Ath,Womens Ath Bras/Underwear,Ath Bras - Low,slow,X Small,Red,1,0
4427562,Basketball Short - Black - Small,Apparel,Athletic/Youth Apparel - Fike,Mens Ath,Mens Ath Shorts,Basketball,mid,Small,Black,1,0
4427563,Basketball Short - Black - Medium Or Regular,Apparel,Athletic/Youth Apparel - Fike,Mens Ath,Mens Ath Shorts,Basketball,fast,Medium Or Regular,Black,1,0
4427564,Basketball Short - Black - Large,Apparel,Athletic/Youth Apparel - Fike,Mens Ath,Mens Ath Shorts,Basketball,fast,Large,Black,1,0
4427565,Basketball Short - Black - X Large,Apparel,Athletic/Youth Apparel - Fike,Mens Ath,Mens Ath Shorts,Basketball,fast,X Large,Black,1,0
4427566,Basketball Short - Black - Xx Large,Apparel,Athletic/Youth Apparel - Fike,Mens Ath,Mens Ath Shorts,Basketball,fast,XX Large,Black,1,0
4427567,Basketball Short - Black - Xxx Large,Apparel,Athletic/Youth Apparel - Fike,Mens Ath,Mens Ath Shorts,Basketball,fast,XXX Large,Black,1,0
4427568,Basketball Short - Charcoal 01 - Small,Apparel,Athletic/Youth Apparel - Fike,Mens Ath,Mens Ath Shorts,Basketball,mid,Small,Charcoal 01,1,0
4427569,Basketball Short - Charcoal 01 - Medium Or Regular,Apparel,Athletic/Youth Apparel - Fike,Mens Ath,Mens Ath Shorts,Basketball,fast,Medium Or Regular,Charcoal 01,1,0
4427649,Basketball Short - Charcoal 01 - Large,Apparel,Athletic/Youth Apparel - Fike,Mens Ath,Mens Ath Shorts,Basketball,fast,Large,Charcoal 01,1,0
4427650,Basketball Short - Charcoal 01 - X Large,Apparel,Athletic/Youth Apparel - Fike,Mens Ath,Mens Ath Shorts,Basketball,fast,X Large,Charcoal 01,1,0
4427651,Basketball Short - Charcoal 01 - Xx Large,Apparel,Athletic/Youth Apparel - Fike,Mens Ath,Mens Ath Shorts,Basketball,fast,XX Large,Charcoal 01,1,0
4427652,Basketball Short - Charcoal 01 - Xxx Large,Apparel,Athletic/Youth Apparel - Fike,Mens Ath,Mens Ath Shorts,Basketball,mid,XXX Large,Charcoal 01,1,0
4427653,Basketball Short - Silver - Small,Apparel,Athletic/Youth Apparel - Fike,Mens Ath,Mens Ath Shorts,Basketball,slow,Small,Silver,1,0
4427654,Basketball Short - Silver - Medium Or Regular,Apparel,Athletic/Youth Apparel - Fike,Mens Ath,Mens Ath Shorts,Basketball,mid,Medium Or Regular,Silver,1,0
4427655,Basketball Short - Silver - Large,Apparel,Athletic/Youth Apparel - Fike,Mens Ath,Mens Ath Shorts,Basketball,mid,Large,Silver,1,0
4427656,Basketball Short - Silver - X Large,Apparel,Athletic/Youth Apparel - Fike,Mens Ath,Mens Ath Shorts,Basketball,mid,X Large,Silver,1,0
4427657,Basketball Short - Silver - Xx Large,Apparel,Athletic/Youth Apparel - Fike,Mens Ath,Mens Ath Shorts,Basketball,mid,XX Large,Silver,1,0
4427658,Basketball Short - Silver - Xxx Large,Apparel,Athletic/Youth Apparel - Fike,Mens Ath,Mens Ath Shorts,Basketball,mid,XXX Large,Silver,1,0
4427659,Basketball Short - Navy - Small,Apparel,Athletic/Youth Apparel - Fike,Mens Ath,Mens Ath Shorts,Basketball,mid,Small,Navy,1,0
4427660,Basketball Short - Navy - Medium Or Regular,Apparel,Athletic/Youth Apparel - Fike,Mens Ath,Mens Ath Shorts,Basketball,mid,Medium Or Regular,Navy,1,0
4427661,Basketball Short - Navy - Large,Apparel,Athletic/Youth Apparel - Fike,Mens Ath,Mens Ath Shorts,Basketball,fast,Large,Navy,1,0
4427662,Basketball Short - Navy - X Large,Apparel,Athletic/Youth Apparel - Fike,Mens Ath,Mens Ath Shorts,Basketball,fast,X Large,Navy,1,0
4427663,Basketball Short - Navy - Xx Large,Apparel,Athletic/Youth Apparel - Fike,Mens Ath,Mens Ath Shorts,Basketball,mid,XX Large,Navy,1,0
4427664,Basketball Short - Navy - Xxx Large,Apparel,Athletic/Youth Apparel - Fike,Mens Ath,Mens Ath Shorts,Basketball,mid,XXX Large,Navy,1,0
4427665,Basketball Short - Red - Small,Apparel,Athletic/Youth Apparel - Fike,Mens Ath,Mens Ath Shorts,Basketball,slow,Small,Red,1,0
4427666,Basketball Short - Red - Medium Or Regular,Apparel,Athletic/Youth Apparel - Fike,Mens Ath,Mens Ath Shorts,Basketball,mid,Medium Or Regular,Red,1,0
4427667,Basketball Short - Red - Large,Apparel,Athletic/Youth Apparel - Fike,Mens Ath,Mens Ath Shorts,Basketball,mid,Large,Red,1,0
4427668,Basketball Short - Red - X Large,Apparel,Athletic/Youth Apparel - Fike,Mens Ath,Mens Ath Shorts,Basketball,mid,X Large,Red,1,0
4427669,Basketball Short - Red - Xx Large,Apparel,Athletic/Youth Apparel - Fike,Mens Ath,Mens Ath Shorts,Basketball,mid,XX Large,Red,1,0
4427670,Basketball Short - Red - Xxx Large,Apparel,Athletic/Youth Apparel - Fike,Mens Ath,Mens Ath Shorts,Basketball,slow,XXX Large,Red,1,0
4427671,Basketball Short - Red Dark 02 - Small,Apparel,Athletic/Youth Apparel - Fike,Mens Ath,Mens Ath Shorts,Basketball,slow,Small,Red Dark 02,1,0
4427672,Basketball Short - Red Dark 02 - Medium Or Regular,Apparel,Athletic/Youth Apparel - Fike,Mens Ath,Mens Ath Shorts,Basketball,mid,Medium Or Regular,Red Dark 02,1,0
4427673,Basketball Short - Red Dark 02 - Large,Apparel,Athletic/Youth Apparel - Fike,Mens Ath,Mens Ath Shorts,Basketball,mid,Large,Red Dark 02,1,0
4427674,Basketball Short - Red Dark 02 - X Large,Apparel,Athletic/Youth Apparel - Fike,Mens Ath,Mens Ath Shorts,Basketball,mid,X Large,Red Dark 02,1,0
4427675,Basketball Short - Red Dark 02 - Xx Large,Apparel,Athletic/Youth Apparel - Fike,Mens Ath,Mens Ath Shorts,Basketball,mid,XX Large,Red Dark 02,1,0
4427676,Basketball Short - Red Dark 02 - Xxx Large,Apparel,Athletic/Youth Apparel - Fike,Mens Ath,Mens Ath Shorts,Basketball,mid,XXX Large,Red Dark 02,1,0
4428488,Mesh Short - Black - Small,Apparel,Athletic/Youth Apparel - Fike,Mens Ath,Mens Ath Shorts,Basketball,mid,Small,Black,1,0
4428489,Mesh Short - Black - Medium Or Regular,Apparel,Athletic/Youth Apparel - Fike,Mens Ath,Mens Ath Shorts,Basketball,fast,Medium Or Regular,Black,1,0
4428490,Mesh Short - Black - Large,Apparel,Athletic/Youth Apparel - Fike,Mens Ath,Mens Ath Shorts,Basketball,fast,Large,Black,1,0
4428491,Mesh Short - Black - X Large,Apparel,Athletic/Youth Apparel - Fike,Mens Ath,Mens Ath Shorts,Basketball,fast,X Large,Black,1,0
4428492,Mesh Short - Black - Xx Large,Apparel,Athletic/Youth Apparel - Fike,Mens Ath,Mens Ath Shorts,Basketball,fast,XX Large,Black,1,0
4428493,Mesh Short - Black - Xxx Large,Apparel,Athletic/Youth Apparel - Fike,Mens Ath,Mens Ath Shorts,Basketball,mid,XXX Large,Black,1,0
4428494,Mesh Short - Charcoal 01 - Small,Apparel,Athletic/Youth Apparel - Fike,Mens Ath,Mens Ath Shorts,Basketball,slow,Small,Charcoal 01,1,0
4428495,Mesh Short - Charcoal 01 - Medium Or Regular,Apparel,Athletic/Youth Apparel - Fike,Mens Ath,Mens Ath Shorts,Basketball,mid,Medium Or Regular,Charcoal 01,1,0
4428496,Mesh Short - Charcoal 01 - Large,Apparel,Athletic/Youth Apparel - Fike,Mens Ath,Mens Ath Shorts,Basketball,fast,Large,Charcoal 01,1,0
4428497,Mesh Short - Charcoal 01 - X Large,Apparel,Athletic/Youth Apparel - Fike,Mens Ath,Mens Ath Shorts,Basketball,fast,X Large,Charcoal 01,1,0
4428498,Mesh Short - Charcoal 01 - Xx Large,Apparel,Athletic/Youth Apparel - Fike,Mens Ath,Mens Ath Shorts,Basketball,mid,XX Large,Charcoal 01,1,0
4428499,Mesh Short - Charcoal 01 - Xxx Large,Apparel,Athletic/Youth Apparel - Fike,Mens Ath,Mens Ath Shorts,Basketball,mid,XXX Large,Charcoal 01,1,0
4428500,Mesh Short - Silver - Small,Apparel,Athletic/Youth Apparel - Fike,Mens Ath,Mens Ath Shorts,Basketball,slow,Small,Silver,1,0
4428501,Mesh Short - Silver - Medium Or Regular,Apparel,Athletic/Youth Apparel - Fike,Mens Ath,Mens Ath Shorts,Basketball,mid,Medium Or Regular,Silver,1,0
4428502,Mesh Short - Silver - Large,Apparel,Athletic/Youth Apparel - Fike,Mens Ath,Mens Ath Shorts,Basketball,fast,Large,Silver,1,0
4428503,Mesh Short - Silver - X Large,Apparel,Athletic/Youth Apparel - Fike,Mens Ath,Mens Ath Shorts,Basketball,mid,X Large,Silver,1,0
4428504,Mesh Short - Silver - Xx Large,Apparel,Athletic/Youth Apparel - Fike,Mens Ath,Mens Ath Shorts,Basketball,mid,XX Large,Silver,1,0
4428505,Mesh Short - Silver - Xxx Large,Apparel,Athletic/Youth Apparel - Fike,Mens Ath,Mens Ath Shorts,Basketball,slow,XXX Large,Silver,1,0
4428506,Mesh Short - Navy - Small,Apparel,Athletic/Youth Apparel - Fike,Mens Ath,Mens Ath Shorts,Basketball,slow,Small,Navy,1,0
4428507,Mesh Short - Navy - Medium Or Regular,Apparel,Athletic/Youth Apparel - Fike,Mens Ath,Mens Ath Shorts,Basketball,mid,Medium Or Regular,Navy,1,0
4428508,Mesh Short - Navy - Large,Apparel,Athletic/Youth Apparel - Fike,Mens Ath,Mens Ath Shorts,Basketball,fast,Large,Navy,1,0
4428509,Mesh Short - Navy - X Large,Apparel,Athletic/Youth Apparel - Fike,Mens Ath,Mens Ath Shorts,Basketball,fast,X Large,Navy,1,0
4428510,Mesh Short - Navy - Xx Large,Apparel,Athletic/Youth Apparel - Fike,Mens Ath,Mens Ath Shorts,Basketball,mid,XX Large,Navy,1,0
4428511,Mesh Short - Navy - Xxx Large,Apparel,Athletic/Youth Apparel - Fike,Mens Ath,Mens Ath Shorts,Basketball,mid,XXX Large,Navy,1,0
4428512,Mesh Short - Red - Small,Apparel,Athletic/Youth Apparel - Fike,Mens Ath,Mens Ath Shorts,Basketball,slow,Small,Red,1,0
4428513,Mesh Short - Red - Medium Or Regular,Apparel,Athletic/Youth Apparel - Fike,Mens Ath,Mens Ath Shorts,Basketball,mid,Medium Or Regular,Red,1,0
4428514,Mesh Short - Red - Large,Apparel,Athletic/Youth Apparel - Fike,Mens Ath,Mens Ath Shorts,Basketball,mid,Large,Red,1,0
4428515,Mesh Short - Red - X Large,Apparel,Athletic/Youth Apparel - Fike,Mens Ath,Mens Ath Shorts,Basketball,mid,X Large,Red,1,0
4428516,Mesh Short - Red - Xx Large,Apparel,Athletic/Youth Apparel - Fike,Mens Ath,Mens Ath Shorts,Basketball,mid,XX Large,Red,1,0
4428517,Mesh Short - Red - Xxx Large,Apparel,Athletic/Youth Apparel - Fike,Mens Ath,Mens Ath Shorts,Basketball,slow,XXX Large,Red,1,0
4428518,Mesh Short - Red Dark 02 - Small,Apparel,Athletic/Youth Apparel - Fike,Mens Ath,Mens Ath Shorts,Basketball,slow,Small,Red Dark 02,1,0
4428519,Mesh Short - Red Dark 02 - Medium Or Regular,Apparel,Athletic/Youth Apparel - Fike,Mens Ath,Mens Ath Shorts,Basketball,mid,Medium Or Regular,Red Dark 02,1,0
4428520,Mesh Short - Red Dark 02 - Large,Apparel,Athletic/Youth Apparel - Fike,Mens Ath,Mens Ath Shorts,Basketball,mid,Large,Red Dark 02,1,0
4428521,Mesh Short - Red Dark 02 - X Large,Apparel,Athletic/Youth Apparel - Fike,Mens Ath,Mens Ath Shorts,Basketball,mid,X Large,Red Dark 02,1,0
4428522,Mesh Short - Red Dark 02 - Xx Large,Apparel,Athletic/Youth Apparel - Fike,Mens Ath,Mens Ath Shorts,Basketball,mid,XX Large,Red Dark 02,1,0
4428523,Mesh Short - Red Dark 02 - Xxx Large,Apparel,Athletic/Youth Apparel - Fike,Mens Ath,Mens Ath Shorts,Basketball,slow,XXX Large,Red Dark 02,1,0
